<?xml version="1.0" encoding="UTF-8"?>
<project-private xmlns="http://www.netbeans.org/ns/project-private/1">
    <editor-bookmarks xmlns="http://www.netbeans.org/ns/editor-bookmarks/2" lastBookmarkId="0"/>
    <open-files xmlns="http://www.netbeans.org/ns/projectui-open-files/2">
        <group>
            <file>file:/home/hocvien/NetBeansProjects/Bai14NguyenTrongThuan/src/bai14nguyentrongthuan/Bai14NguyenTrongThuan.java</file>
            <file>file:/home/hocvien/NetBeansProjects/Bai14NguyenTrongThuan/src/bai14nguyentrongthuan/ChiSoBMI.java</file>
            <file>file:/home/hocvien/NetBeansProjects/Bai14NguyenTrongThuan/test/ChiSoBMIJUnitTest.java</file>
            <file>file:/home/hocvien/NetBeansProjects/Bai14NguyenTrongThuan/src/bai14nguyentrongthuan/PhuongTrinhBac2.java</file>
            <file>file:/home/hocvien/NetBeansProjects/Bai14NguyenTrongThuan/src/bai14nguyentrongthuan/TamGiac.java</file>
            <file>file:/home/hocvien/NetBeansProjects/Bai14NguyenTrongThuan/src/bai14nguyentrongthuan/Luong.java</file>
            <file>file:/home/hocvien/NetBeansProjects/Bai14NguyenTrongThuan/test/LuongJUnitTest.java</file>
            <file>file:/home/hocvien/NetBeansProjects/Bai14NguyenTrongThuan/test/TamGiacJUnitTest.java</file>
        </group>
    </open-files>
</project-private>
