<?xml version="1.0" encoding="UTF-8"?>
<project-private xmlns="http://www.netbeans.org/ns/project-private/1">
    <editor-bookmarks xmlns="http://www.netbeans.org/ns/editor-bookmarks/2" lastBookmarkId="0"/>
    <open-files xmlns="http://www.netbeans.org/ns/projectui-open-files/2">
        <group>
            <file>file:/home/hocvien/NetBeansProjects/Bai13NguyenTrongThuan/src/bai13nguyentrongthuan/Bai13NguyenTrongThuan.java</file>
            <file>file:/home/hocvien/NetBeansProjects/Bai13NguyenTrongThuan/src/bai13nguyentrongthuan/inNgayThangNam.java</file>
            <file>file:/home/hocvien/NetBeansProjects/Bai13NguyenTrongThuan/src/bai13nguyentrongthuan/thongBaoNgaySinhNhat.java</file>
        </group>
    </open-files>
</project-private>
